date,access
2024-12-30T00:00+09:00,2
2024-12-30T02:00+09:00,5
2024-12-30T03:00+09:00,3
2024-12-30T05:00+09:00,3
2024-12-30T06:00+09:00,3
2024-12-30T07:00+09:00,1
2024-12-30T09:00+09:00,4
2024-12-30T10:00+09:00,7
2024-12-30T11:00+09:00,5
2024-12-30T12:00+09:00,5
2024-12-30T13:00+09:00,1
2024-12-30T14:00+09:00,5
2024-12-30T15:00+09:00,7
2024-12-30T16:00+09:00,2
2024-12-30T17:00+09:00,6
2024-12-30T18:00+09:00,1
2024-12-30T19:00+09:00,3
2024-12-30T20:00+09:00,6
2024-12-30T21:00+09:00,4
2024-12-30T22:00+09:00,4
2024-12-30T23:00+09:00,5
2024-12-31T00:00+09:00,2
2024-12-31T01:00+09:00,2
2024-12-31T02:00+09:00,1
2024-12-31T03:00+09:00,1
2024-12-31T04:00+09:00,1
2024-12-31T05:00+09:00,2
2024-12-31T07:00+09:00,3
2024-12-31T10:00+09:00,1
2024-12-31T11:00+09:00,3
2024-12-31T12:00+09:00,3
2024-12-31T13:00+09:00,1
2024-12-31T14:00+09:00,2
2024-12-31T15:00+09:00,6
2024-12-31T16:00+09:00,2
2024-12-31T17:00+09:00,3
2024-12-31T18:00+09:00,5
2024-12-31T19:00+09:00,1
2024-12-31T20:00+09:00,8
2024-12-31T21:00+09:00,8
2024-12-31T22:00+09:00,5
2024-12-31T23:00+09:00,4
2025-01-01T00:00+09:00,1
2025-01-01T01:00+09:00,1
2025-01-01T02:00+09:00,3
2025-01-01T03:00+09:00,2
2025-01-01T06:00+09:00,2
2025-01-01T07:00+09:00,1
2025-01-01T08:00+09:00,1
2025-01-01T09:00+09:00,1
2025-01-01T11:00+09:00,1
2025-01-01T12:00+09:00,5
2025-01-01T13:00+09:00,3
2025-01-01T14:00+09:00,2
2025-01-01T15:00+09:00,3
2025-01-01T16:00+09:00,2
2025-01-01T17:00+09:00,2
2025-01-01T19:00+09:00,2
2025-01-01T20:00+09:00,1
2025-01-01T22:00+09:00,1
2025-01-01T23:00+09:00,2
2025-01-02T00:00+09:00,1
2025-01-02T01:00+09:00,1
2025-01-02T02:00+09:00,2
2025-01-02T04:00+09:00,1
2025-01-02T05:00+09:00,1
2025-01-02T07:00+09:00,1
2025-01-02T08:00+09:00,1
2025-01-02T09:00+09:00,4
2025-01-02T10:00+09:00,1
2025-01-02T11:00+09:00,5
2025-01-02T12:00+09:00,5
2025-01-02T13:00+09:00,6
2025-01-02T14:00+09:00,5
2025-01-02T15:00+09:00,5
2025-01-02T16:00+09:00,3
2025-01-02T17:00+09:00,12
2025-01-02T18:00+09:00,7
2025-01-02T19:00+09:00,3
2025-01-02T20:00+09:00,2
2025-01-02T21:00+09:00,1
2025-01-02T22:00+09:00,3
2025-01-02T23:00+09:00,3
2025-01-03T00:00+09:00,3
2025-01-03T01:00+09:00,1
2025-01-03T02:00+09:00,3
2025-01-03T03:00+09:00,2
2025-01-03T04:00+09:00,3
2025-01-03T05:00+09:00,1
2025-01-03T06:00+09:00,3
2025-01-03T07:00+09:00,1
2025-01-03T09:00+09:00,16
2025-01-03T11:00+09:00,3
2025-01-03T12:00+09:00,2
2025-01-03T13:00+09:00,6
2025-01-03T14:00+09:00,9
2025-01-03T15:00+09:00,4
2025-01-03T16:00+09:00,7
2025-01-03T17:00+09:00,25
2025-01-03T18:00+09:00,6
2025-01-03T19:00+09:00,16
2025-01-03T20:00+09:00,4
2025-01-03T22:00+09:00,5
2025-01-03T23:00+09:00,4
2025-01-04T00:00+09:00,4
2025-01-04T01:00+09:00,7
2025-01-04T02:00+09:00,11
2025-01-04T04:00+09:00,2
2025-01-04T05:00+09:00,1
2025-01-04T06:00+09:00,2
2025-01-04T07:00+09:00,1
2025-01-04T08:00+09:00,3
2025-01-04T09:00+09:00,7
2025-01-04T10:00+09:00,12
2025-01-04T11:00+09:00,7
2025-01-04T12:00+09:00,7
2025-01-04T13:00+09:00,11
2025-01-04T14:00+09:00,6
2025-01-04T15:00+09:00,8
2025-01-04T16:00+09:00,13
2025-01-04T17:00+09:00,8
2025-01-04T19:00+09:00,4
2025-01-04T20:00+09:00,6
2025-01-04T21:00+09:00,3
2025-01-04T22:00+09:00,3
2025-01-05T00:00+09:00,5
2025-01-05T01:00+09:00,1
2025-01-05T04:00+09:00,2
2025-01-05T06:00+09:00,2
2025-01-05T07:00+09:00,1
2025-01-05T08:00+09:00,2
2025-01-05T09:00+09:00,1
2025-01-05T10:00+09:00,5
2025-01-05T11:00+09:00,1
2025-01-05T12:00+09:00,6
2025-01-05T13:00+09:00,2
2025-01-05T14:00+09:00,1
2025-01-05T15:00+09:00,6
2025-01-05T16:00+09:00,5
2025-01-05T17:00+09:00,6
2025-01-05T18:00+09:00,13
2025-01-05T19:00+09:00,2
2025-01-05T20:00+09:00,2
2025-01-05T21:00+09:00,2
2025-01-05T22:00+09:00,6
2025-01-05T23:00+09:00,5